Продукт,Категория
гель,"Красота, гигиена, бытовая химия"
антиперспирант,"Красота, гигиена, бытовая химия"
бальзам для волос,"Красота, гигиена, бытовая химия"
бальзам,"Красота, гигиена, бытовая химия"
батончики,"Хлеб, сладости, снеки"
биотворог,"Молоко, сыр, яйца"
бритва,"Красота, гигиена, бытовая химия"
станок,"Красота, гигиена, бытовая химия"
бумага туалетная,"Красота, гигиена, бытовая химия"
варенье,"Соусы, орехи, консервы"
вермишель,"Макароны, крупы, специи"
вино,Другое
вино игристое,Другое
виски,Другое
вода,"Воды, соки, напитки"
вода минеральная,"Воды, соки, напитки"
вода питьевая,"Воды, соки, напитки"
водка,Другое
газированный напиток,"Воды, соки, напитки"
гель для душа,"Красота, гигиена, бытовая химия"
гель для стирки,"Красота, гигиена, бытовая химия"
дезодорант,"Красота, гигиена, бытовая химия"
десерт,"Хлеб, сладости, снеки"
джем,Другое
крем,"Красота, гигиена, бытовая химия"
ежедневные прокладки,"Красота, гигиена, бытовая химия"
каша,"Молоко, сыр, яйца"
жидкое средство,"Красота, гигиена, бытовая химия"
завтрак,"Макароны, крупы, специи"
заправка,"Соусы, орехи, консервы"
зефир,Другое
зубная паста,"Красота, гигиена, бытовая химия"
игрушка,Другое
икра,"Рыба, икра"
ирис,Другое
кетчуп,Другое
йогурт,"Молоко, сыр, яйца"
какао,"Чай, кофе, сахар"
капсулы для стирки,"Красота, гигиена, бытовая химия"
капуста,Замороженные продукты
каша овсяная,"Макароны, крупы, специи"
кашка,Другое
килька,"Рыба, икра"
колбаса,"Птица, мясо, деликатесы"
колбаса вареная,"Птица, мясо, деликатесы"
колбаски,"Птица, мясо, деликатесы"
кондиционер для белья,"Красота, гигиена, бытовая химия"
фасоль,"Соусы, орехи, консервы"
конфеты,"Хлеб, сладости, снеки"
коньяк,Другое
корм для кошек,Другое
кофе,"Чай, кофе, сахар"
кофе растворимый,"Чай, кофе, сахар"
крекер,"Хлеб, сладости, снеки"
крекеры,"Хлеб, сладости, снеки"
крем для лица,"Красота, гигиена, бытовая химия"
чернослив,Другое
шпроты,"Рыба, икра"
лазанья,Замороженные продукты
лакомство для собак,Другое
лапша,"Макароны, крупы, специи"
леденцы,"Хлеб, сладости, снеки"
ликер,Другое
майонез,"Соусы, орехи, консервы"
макаронные изделия,"Макароны, крупы, специи"
макароны,"Макароны, крупы, специи"
мармелад,"Хлеб, сладости, снеки"
масло,"Молоко, сыр, яйца"
масло подсолнечное,"Макароны, крупы, специи"
молоко,"Молоко, сыр, яйца"
мороженое,"Молоко, сыр, яйца"
морс,"Воды, соки, напитки"
мыло жидкое,"Красота, гигиена, бытовая химия"
мыло,"Красота, гигиена, бытовая химия"
мясо цыпленка,"Соусы, орехи, консервы"
набор,Другое
нож,Посуда
набор конфет,"Хлеб, сладости, снеки"
наггетсы,Замороженные продукты
напиток,"Воды, соки, напитки"
напиток пивной,"Воды, соки, напитки"
нектар,"Воды, соки, напитки"
овощечистка,Другое
огурцы,"Соусы, орехи, консервы"
ополаскиватель для полости рта,Другое
паста зубная,"Красота, гигиена, бытовая химия"
паста томатная,Другое
паштет,"Соусы, орехи, консервы"
пельмени,Замороженные продукты
петрушка,"Овощи, фрукты, ягоды"
печенье,"Хлеб, сладости, снеки"
пивной напиток,Другое
пиво,Другое
питьевой йогурт,"Молоко, сыр, яйца"
пицца,Замороженные продукты
подгузники,Другое
подушечки,"Макароны, крупы, специи"
прокладки,"Красота, гигиена, бытовая химия"
пюре,Товары для мам и детей
ряженка,"Молоко, сыр, яйца"
говядина,"Соусы, орехи, консервы"
сайра,"Соусы, орехи, консервы"
салфетки,"Красота, гигиена, бытовая химия"
смесь,Другое
сметана,"Молоко, сыр, яйца"
сок,Товары для мам и детей
сосиски,"Птица, мясо, деликатесы"
соус,"Соусы, орехи, консервы"
средство для стирки,"Красота, гигиена, бытовая химия"
стейк,"Птица, мясо, деликатесы"
стиральный порошок,"Красота, гигиена, бытовая химия"
суп,Замороженные продукты
сухарики,"Хлеб, сладости, снеки"
сухой корм,Другое
сыр,"Молоко, сыр, яйца"
сырники,"Молоко, сыр, яйца"
тампоны,"Красота, гигиена, бытовая химия"
творог,"Молоко, сыр, яйца"
йогуртный продукт,"Молоко, сыр, яйца"
томатная паста,Другое
томаты,"Соусы, орехи, консервы"
трусики,Другое
халва,"Хлеб, сладости, снеки"
хлебцы,"Хлеб, сладости, снеки"
хлопья,"Макароны, крупы, специи"
чай,"Чай, кофе, сахар"
чипсы картофельные,"Хлеб, сладости, снеки"
шампанское,Другое
шампиньоны,"Овощи, фрукты, ягоды"
шампунь,"Красота, гигиена, бытовая химия"
шоколад,"Хлеб, сладости, снеки"
шоколад темный,"Хлеб, сладости, снеки"
батарейки,"Хлеб, сладости, снеки"
батарейка,"Хлеб, сладости, снеки"
аккумулятор,"Хлеб, сладости, снеки"
морковь,"Овощи, фрукты, ягоды"
комплект,"Хлеб, сладости, снеки"
кефир,"Молоко, сыр, яйца"
простокваша,"Молоко, сыр, яйца"
творожный сыр,"Молоко, сыр, яйца"
оливки,"Соусы, орехи, консервы"
чай черный,"Чай, кофе, сахар"
чай зеленый,"Чай, кофе, сахар"
ручка шариковая,Другое
скраб,"Красота, гигиена, бытовая химия"
ручки,Другое
сливочное масло,"Молоко, сыр, яйца"
перчатки,Товары для дома и дачи
арахис,"Соусы, орехи, консервы"
бульон,Подборки и готовые блюда
перец,"Соусы, орехи, консервы"
сливки,"Молоко, сыр, яйца"
тряпка,Товары для дома и дачи
кондиционер,"Красота, гигиена, бытовая химия"
хрен,"Соусы, орехи, консервы"
пряники,"Хлеб, сладости, снеки"
тесто,Подборки и готовые блюда
маска,"Красота, гигиена, бытовая химия"
оливковое масло,"Макароны, крупы, специи"
рулет,"Хлеб, сладости, снеки"
контейнер,Товары для дома и дачи
форма,Товары для дома и дачи
крем-гель для душа,"Красота, гигиена, бытовая химия"
лосьон для тела,"Красота, гигиена, бытовая химия"
маркер,Другое
лосось,"Соусы, орехи, консервы"
бальзам после бритья,"Красота, гигиена, бытовая химия"
фарш,"Птица, мясо, деликатесы"
точилка,Товары для мам и детей
сахар,"Макароны, крупы, специи"
карандаши,Товары для мам и детей
сырок,"Молоко, сыр, яйца"
сардина,"Соусы, орехи, консервы"
плавленый сыр,"Молоко, сыр, яйца"
линейка,Товары для мам и детей
приправа,"Соусы, орехи, консервы"
пена,"Красота, гигиена, бытовая химия"
лак,"Красота, гигиена, бытовая химия"
биойогурт,"Молоко, сыр, яйца"
салат,"Овощи, фрукты, ягоды"
круассаны,"Хлеб, сладости, снеки"
сковорода,Товары для дома и дачи
очиститель,Товары для дома и дачи
освежитель,Товары для дома и дачи
картофель,"Овощи, фрукты, ягоды"
кружка,Товары для дома и дачи
кисель,"Воды, соки, напитки"
тарелка,Товары для дома и дачи
кальмар,"Рыба, икра"
корм,Зоотовары
салатник,Товары для дома и дачи
напиток сокосодержащий,"Воды, соки, напитки"
кукуруза,"Соусы, орехи, консервы"
заварочный чайник,Товары для дома и дачи
тунец,"Соусы, орехи, консервы"
драже,"Хлеб, сладости, снеки"
курага,"Хлеб, сладости, снеки"
ежедневник,Другое
ручка,Другое
отруби,"Макароны, крупы, специи"
дезодорант-спрей,"Красота, гигиена, бытовая химия"
презервативы,"Хлеб, сладости, снеки"
баклажаны,Подборки и готовые блюда
скатерть,Товары для дома и дачи
станок для бритья,"Хлеб, сладости, снеки"
мороженое сливочное,"Молоко, сыр, яйца"
зубная щетка,"Красота, гигиена, бытовая химия"
туалетное мыло,"Красота, гигиена, бытовая химия"
суфле,"Хлеб, сладости, снеки"
диспенсер,Товары для дома и дачи
жевательная резинка,"Хлеб, сладости, снеки"
щетка,Товары для дома и дачи
сушки,"Хлеб, сладости, снеки"
бритвенный станок,"Хлеб, сладости, снеки"
кассеты,"Хлеб, сладости, снеки"
ветчина,"Птица, мясо, деликатесы"
закуска,"Соусы, орехи, консервы"
вырезка,"Птица, мясо, деликатесы"
корейка,"Птица, мясо, деликатесы"
освежитель воздуха,Товары для дома и дачи
средство,Товары для дома и дачи
капсулы,Товары для дома и дачи
абрикосы,"Соусы, орехи, консервы"
сгущенное молоко,"Молоко, сыр, яйца"
крем-краска,"Красота, гигиена, бытовая химия"
краска,"Красота, гигиена, бытовая химия"
чистящее средство,Товары для дома и дачи
дрожжи,"Макароны, крупы, специи"
мука,"Макароны, крупы, специи"
лимонад,"Воды, соки, напитки"
маслины,"Соусы, орехи, консервы"
порошок,Товары для дома и дачи
крем-гель,"Красота, гигиена, бытовая химия"
грудинка,"Птица, мясо, деликатесы"
суп-пюре,Подборки и готовые блюда
ершик,Товары для дома и дачи
бумажные полотенца,"Красота, гигиена, бытовая химия"
продукт,"Молоко, сыр, яйца"
кулич,"Хлеб, сладости, снеки"
пирог,"Хлеб, сладости, снеки"
стаканы,Товары для дома и дачи
бокалы,Товары для дома и дачи
набор бокалов,Товары для дома и дачи
семечки подсолнечные,"Соусы, орехи, консервы"
гель-крем для душа,"Красота, гигиена, бытовая химия"
студень,"Птица, мясо, деликатесы"
горчица,"Соусы, орехи, консервы"
компот,Товары для мам и детей
спрей,"Красота, гигиена, бытовая химия"
бальзам-ополаскиватель,"Красота, гигиена, бытовая химия"
папка-регистратор,Другое
ребрышки свиные,"Птица, мясо, деликатесы"
круассан,Подборки и готовые блюда
булочка,Подборки и готовые блюда
жидкое мыло,"Красота, гигиена, бытовая химия"
палочки,"Хлеб, сладости, снеки"
пенка,"Красота, гигиена, бытовая химия"
таблетки,Товары для дома и дачи
консервы,Зоотовары
влажные салфетки,Товары для мам и детей
сыр мягкий,"Молоко, сыр, яйца"
трусики-подгузники,Товары для мам и детей
термос,Товары для дома и дачи
корица,"Соусы, орехи, консервы"
лампа светодиодная,Бытовая техника
креветки,"Рыба, икра"
детское молочко,Товары для мам и детей
молочная смесь,Товары для мам и детей
кастрюля,Товары для дома и дачи
банка,Товары для дома и дачи
прокладки женские,"Красота, гигиена, бытовая химия"
холодец,"Птица, мясо, деликатесы"
чайная пара,Товары для дома и дачи
крахмал,"Макароны, крупы, специи"
сухари,"Макароны, крупы, специи"
пудра,"Макароны, крупы, специи"
батончик,"Хлеб, сладости, снеки"
скумбрия,"Соусы, орехи, консервы"
желатин,"Макароны, крупы, специи"
шоколадные конфеты,"Хлеб, сладости, снеки"
шампунь-уход,"Красота, гигиена, бытовая химия"
разделочная доска,Товары для дома и дачи
лампа накаливания,Бытовая техника
сковорода-гриль,Товары для дома и дачи
ассорти,"Птица, мясо, деликатесы"
закваска,"Молоко, сыр, яйца"
вишня,"Соусы, орехи, консервы"
блок для унитаза,Товары для дома и дачи
питьевой биойогурт,"Молоко, сыр, яйца"
сывороточный напиток,"Молоко, сыр, яйца"
коктейль йогуртный,"Молоко, сыр, яйца"
мешки для мусора,Товары для дома и дачи
сардельки,"Птица, мясо, деликатесы"
пирожное,"Хлеб, сладости, снеки"
уксус,"Макароны, крупы, специи"
торт,"Хлеб, сладости, снеки"
хлеб,"Хлеб, сладости, снеки"
паста,"Хлеб, сладости, снеки"
вафли,"Хлеб, сладости, снеки"
пирожные,"Хлеб, сладости, снеки"
треска,Подборки и готовые блюда
пудинг,"Молоко, сыр, яйца"
творожок,"Молоко, сыр, яйца"
запеканка,"Молоко, сыр, яйца"
бекон,"Птица, мясо, деликатесы"
кофейный напиток,"Чай, кофе, сахар"
сыр полутвердый,"Молоко, сыр, яйца"
рис,"Макароны, крупы, специи"
горошек,"Соусы, орехи, консервы"
брусника,"Соусы, орехи, консервы"
коктейль,"Соусы, орехи, консервы"
гречка,"Макароны, крупы, специи"
мидии,"Рыба, икра"
булочки,"Хлеб, сладости, снеки"
сыр твердый,"Молоко, сыр, яйца"
рахат-лукум,"Хлеб, сладости, снеки"
десерт творожный,"Молоко, сыр, яйца"
имбирь,Подборки и готовые блюда
овощи,"Овощи, фрукты, ягоды"
шоколадный набор,"Хлеб, сладости, снеки"
конфеты шоколадные,"Хлеб, сладости, снеки"
ранец,Товары для мам и детей
рюкзак,Товары для мам и детей
пенал-книжка,Товары для мам и детей
пластилин,Товары для мам и детей
крупа,"Макароны, крупы, специи"
машина,Товары для мам и детей
бластер,Товары для мам и детей
игровой набор,Товары для мам и детей
подсолнечное масло,"Макароны, крупы, специи"
чечевица,"Макароны, крупы, специи"
игровой,Товары для мам и детей
говядина тушеная,"Соусы, орехи, консервы"
подгузники-трусики,Товары для мам и детей
крем-суп,Товары для мам и детей
кукла,Товары для мам и детей
настольная игра,Товары для мам и детей
пазл,Товары для мам и детей
тортилья,"Хлеб, сладости, снеки"
клейкая лента,Товары для дома и дачи
стакан,Товары для дома и дачи
стул,Товары для дома и дачи
стол,Товары для дома и дачи
кашпо,Товары для дома и дачи
набор для творчества,Товары для мам и детей
конструктор,Товары для мам и детей
готовый завтрак,"Макароны, крупы, специи"
спагетти,"Макароны, крупы, специи"
аджика,"Соусы, орехи, консервы"
смузи,"Воды, соки, напитки"
топпинг,"Хлеб, сладости, снеки"
мороженое молочное,"Молоко, сыр, яйца"
глазурь,"Макароны, крупы, специи"
соус томатный,"Соусы, орехи, консервы"
соль,"Макароны, крупы, специи"
галеты,"Макароны, крупы, специи"
сорбет,"Молоко, сыр, яйца"
щербет,"Молоко, сыр, яйца"
мюсли,"Макароны, крупы, специи"
мороженое пломбир,"Молоко, сыр, яйца"
напиток кисломолочный,"Молоко, сыр, яйца"
молочный коктейль,"Молоко, сыр, яйца"
салфетка,Товары для дома и дачи
папка,Другое
швабра,Товары для дома и дачи
насадка,Товары для дома и дачи
мусс,"Красота, гигиена, бытовая химия"
лакомства,Зоотовары
смесь сухая,Товары для мам и детей
смесь nestle,Товары для мам и детей
кувшин,Товары для дома и дачи
клей,Другое
губки,Товары для дома и дачи
гель для бритья,"Красота, гигиена, бытовая химия"
пена для бритья,"Красота, гигиена, бытовая химия"
лосьон после бритья,"Красота, гигиена, бытовая химия"
ополаскиватель для рта,"Красота, гигиена, бытовая химия"
зубная,"Красота, гигиена, бытовая химия"
зубная нить,"Красота, гигиена, бытовая химия"
блокнот,Товары для мам и детей
блюдо,Товары для дома и дачи
тетрадь,Товары для мам и детей
сахарница,Товары для дома и дачи
чайник,Товары для дома и дачи
набор подарочный,"Хлеб, сладости, снеки"
карамель,"Хлеб, сладости, снеки"
пастила,"Хлеб, сладости, снеки"
поднос,Товары для дома и дачи
сменный баллон,Товары для дома и дачи
горошек зеленый,"Соусы, орехи, консервы"
грибы,"Соусы, орехи, консервы"
блок,Товары для дома и дачи
моющее средство,Товары для дома и дачи
губка,Товары для дома и дачи
жидкость,Товары для дома и дачи
фонарь,Товары для дома и дачи
наушники,Бытовая техника
лечо,"Соусы, орехи, консервы"
доска разделочная,Товары для дома и дачи
чашка,Товары для дома и дачи
крем для тела,"Красота, гигиена, бытовая химия"
скраб для тела,"Красота, гигиена, бытовая химия"
ковш,Товары для дома и дачи
набор посуды,Товары для дома и дачи
молочко,"Красота, гигиена, бытовая химия"
карта памяти,Бытовая техника
маска для лица,"Красота, гигиена, бытовая химия"
мицеллярная вода,"Красота, гигиена, бытовая химия"
дезодорант-аэрозоль,"Красота, гигиена, бытовая химия"
кубики,Товары для мам и детей
коврик,Товары для мам и детей
корнишоны,"Соусы, орехи, консервы"
френч-пресс,Товары для дома и дачи
ведро,Товары для дома и дачи
хлопья овсяные,"Макароны, крупы, специи"
купаты,"Птица, мясо, деликатесы"
туалетная бумага,"Красота, гигиена, бытовая химия"
карандаш,Другое
лоток,Другое
соль для ванн,"Красота, гигиена, бытовая химия"
форма для запекания,Товары для дома и дачи
персики,"Соусы, орехи, консервы"
смесь для выпечки,"Макароны, крупы, специи"
подставка,Другое
щипцы,Товары для дома и дачи
ложка,Товары для дома и дачи
вилка,Товары для дома и дачи
клубника,"Соусы, орехи, консервы"
подушка,Другое
свинина,"Соусы, орехи, консервы"
подарочный набор,"Хлеб, сладости, снеки"
машинка,Товары для мам и детей
лосьон,"Красота, гигиена, бытовая химия"
слойка,"Хлеб, сладости, снеки"
смесь овощная,"Овощи, фрукты, ягоды"
светильник,Бытовая техника
пенал,Товары для мам и детей
ополаскиватель,Товары для мам и детей
оливки зеленые,"Соусы, орехи, консервы"
нож универсальный,Товары для дома и дачи
сироп,"Хлеб, сладости, снеки"
конфитюр,"Хлеб, сладости, снеки"
аэрозоль,Товары для дома и дачи
нерка,"Соусы, орехи, консервы"
филе,"Птица, мясо, деликатесы"
салфетки бумажные,"Красота, гигиена, бытовая химия"
лук,"Соусы, орехи, консервы"
поддон,Товары для дома и дачи
крышка,Товары для дома и дачи
половник,Товары для дома и дачи
манго,"Соусы, орехи, консервы"
чеснок,"Соусы, орехи, консервы"
органайзер,Товары для дома и дачи
печенье сдобное,"Хлеб, сладости, снеки"
полотенца,Товары для дома и дачи
горох,"Макароны, крупы, специи"
бумага для печати,Другое
бургер,Подборки и готовые блюда
лопатка,"Птица, мясо, деликатесы"
окорок свиной,"Птица, мясо, деликатесы"
биолакт,Товары для мам и детей
кофе в капсулах,"Чай, кофе, сахар"
лакомство для кошек,Зоотовары
сухой,Зоотовары
кофе в зернах,"Чай, кофе, сахар"
семена,"Соусы, орехи, консервы"
фисташки,"Соусы, орехи, консервы"
крем-краска для волос,"Красота, гигиена, бытовая химия"
вареники,Подборки и готовые блюда
мармелад жевательный,"Хлеб, сладости, снеки"
жевательные конфеты,"Хлеб, сладости, снеки"
пятновыводитель,Товары для дома и дачи
фарш говяжий,"Птица, мясо, деликатесы"
биточки,Подборки и готовые блюда
доска,Товары для мам и детей
удлинитель,Бытовая техника
лакомство,Зоотовары
лак для волос,"Красота, гигиена, бытовая химия"
яйцо куриное,"Молоко, сыр, яйца"
жидкое,Товары для дома и дачи
дезодорант-антиперспирант,"Красота, гигиена, бытовая химия"
шампунь-гель,Товары для мам и детей
кассета,Товары для дома и дачи
шумовка,Товары для дома и дачи
ящик,Товары для дома и дачи
терка,Товары для дома и дачи
пинцет,Товары для дома и дачи
набор ножей,Товары для дома и дачи
набор стаканов,Товары для дома и дачи
ароматизатор,Товары для дома и дачи
бокал,Товары для дома и дачи
свеча,Товары для дома и дачи
штрудель,Подборки и готовые блюда
шейка,"Птица, мясо, деликатесы"
печень трески,"Соусы, орехи, консервы"
сельдь,"Рыба, икра"
котлеты,Подборки и готовые блюда
плов,Подборки и готовые блюда
смесь молочная,Товары для мам и детей
йогурт питьевой,"Молоко, сыр, яйца"
помидоры,"Соусы, орехи, консервы"
карбонад,"Птица, мясо, деликатесы"
буженина,"Птица, мясо, деликатесы"
ластик,Другое
картридж,Бытовая техника
термокружка,Товары для дома и дачи
козинак,"Хлеб, сладости, снеки"
каша молочная,Товары для мам и детей
крем чистящий,Товары для дома и дачи
гриль,Товары для дома и дачи
тушка цыпленка-бройлера,"Птица, мясо, деликатесы"
сэндвич,Подборки и готовые блюда
маска для волос,"Красота, гигиена, бытовая химия"
хумус,Подборки и готовые блюда
патчи,"Хлеб, сладости, снеки"
лампа,Бытовая техника
чизкейк,"Хлеб, сладости, снеки"
палтус,"Рыба, икра"
котлета,Подборки и готовые блюда
тушка,"Птица, мясо, деликатесы"
корюшка,"Рыба, икра"
масло оливковое,"Макароны, крупы, специи"
салатная смесь,"Овощи, фрукты, ягоды"
календарь,Другое
базилик,"Соусы, орехи, консервы"
карамель леденцовая,"Хлеб, сладости, снеки"
фартук,Товары для мам и детей
ножницы,Другое
альбом для рисования,Товары для мам и детей
кисти,Товары для мам и детей
гуашь,Товары для мам и детей
карандаши цветные,Товары для мам и детей
фломастеры,Товары для мам и детей
икра мойвы,"Рыба, икра"
туалетный блок,Товары для дома и дачи
погремушка,Товары для мам и детей
блинная сковорода,Товары для дома и дачи
баранина,"Птица, мясо, деликатесы"
крыло цыпленка-бройлера,"Птица, мясо, деликатесы"
продукт творожный,"Молоко, сыр, яйца"
набор карандашей,Другое
вырезка свиная,"Птица, мясо, деликатесы"
бедро,"Птица, мясо, деликатесы"
свекла,Подборки и готовые блюда
ватные палочки,"Красота, гигиена, бытовая химия"
окорочок,"Птица, мясо, деликатесы"
емкость,Товары для дома и дачи
ананасы,"Соусы, орехи, консервы"
шоколадный батончик,"Хлеб, сладости, снеки"
шашлык,"Птица, мясо, деликатесы"
кисломолочный продукт,"Молоко, сыр, яйца"
желе,"Молоко, сыр, яйца"
крабовое мясо,"Рыба, икра"
наклейки,Товары для мам и детей
крем для рук,"Красота, гигиена, бытовая химия"
шейка свиная,"Птица, мясо, деликатесы"
кофеварка,Бытовая техника
тетрадь предметная,Товары для мам и детей
биопродукт,"Молоко, сыр, яйца"
укроп,"Соусы, орехи, консервы"
сыр плавленый,"Молоко, сыр, яйца"
печенье овсяное,"Хлеб, сладости, снеки"
ребрышки,"Птица, мясо, деликатесы"
средство для купания,Товары для мам и детей
сотейник,Товары для дома и дачи
игрушка развивающая,Товары для мам и детей
волчок,Товары для мам и детей
кабель,Бытовая техника
корзина,Товары для дома и дачи
пленка для ламинирования,Другое
табличка,Другое
матрас надувной,Товары для дома и дачи
крем-мыло,"Красота, гигиена, бытовая химия"
мозаика,Товары для мам и детей
подарочный,"Хлеб, сладости, снеки"
креветка,"Рыба, икра"
лампа галогенная,Бытовая техника
мультиварка,Бытовая техника
форма для выпечки,Товары для дома и дачи
тоник,"Красота, гигиена, бытовая химия"
держатель,Бытовая техника
шоколад молочный,"Хлеб, сладости, снеки"
стейк говяжий,"Птица, мясо, деликатесы"
пеленки,Товары для мам и детей
игра,Товары для мам и детей
набор шоколадных конфет,"Хлеб, сладости, снеки"
тарелка десертная,Товары для дома и дачи
блендер,Бытовая техника
фен,Бытовая техника
миксер,Бытовая техника
мясорубка,Бытовая техника
сушилка,Бытовая техника
пылесос,Бытовая техника
триммер,Бытовая техника
утюг,Бытовая техника
окорок,"Птица, мясо, деликатесы"
индейка,"Птица, мясо, деликатесы"
рулька,"Птица, мясо, деликатесы"
масло для тела,"Красота, гигиена, бытовая химия"
клюква,"Овощи, фрукты, ягоды"
пшено,"Макароны, крупы, специи"
капуста брокколи,"Овощи, фрукты, ягоды"
маринад,"Макароны, крупы, специи"
телевизор,Бытовая техника
кронштейн,Бытовая техника
рулька свиная,"Птица, мясо, деликатесы"
раскраска,Товары для мам и детей
грунт,Товары для дома и дачи
медальоны,"Птица, мясо, деликатесы"
отвертка,Товары для дома и дачи
степлер,Товары для дома и дачи
герметик,Товары для дома и дачи
сверло,Товары для дома и дачи
крючок,Товары для дома и дачи
кисть,Товары для дома и дачи
фильтр,Товары для дома и дачи
монтажная лента,Товары для дома и дачи
голень,"Птица, мясо, деликатесы"
грудка,"Птица, мясо, деликатесы"
рулетка,Товары для дома и дачи
смеситель,Товары для дома и дачи
мыльница,Товары для дома и дачи
шапка,Товары для дома и дачи
мочалка,Товары для дома и дачи
кресло,Товары для дома и дачи
шланг,Товары для дома и дачи
мёд,"Хлеб, сладости, снеки"
весы,Бытовая техника
фоторамка,Товары для дома и дачи
мангал,Товары для дома и дачи
тарелки,Товары для дома и дачи
краб,"Рыба, икра"
горшок,Товары для дома и дачи
садовая фигура,Товары для дома и дачи
батон,"Хлеб, сладости, снеки"
баранки,"Хлеб, сладости, снеки"
кекс,"Хлеб, сладости, снеки"
дезодорант спрей,"Красота, гигиена, бытовая химия"
риет,"Соусы, орехи, консервы"
набор пирожных,"Хлеб, сладости, снеки"
гастроемкость,Товары для дома и дачи
яйцо,"Хлеб, сладости, снеки"
яйца,"Хлеб, сладости, снеки"
черника,"Овощи, фрукты, ягоды"
бумага,"Красота, гигиена, бытовая химия"
ватные диски,"Красота, гигиена, бытовая химия"
ловушка,Товары для дома и дачи
стиральный,Товары для дома и дачи
колготки женские,Другое
носки мужские,Другое
носки женские,Другое
колготки,Другое
простыня на резинке,Товары для дома и дачи
простыня,Товары для дома и дачи
комплект постельного белья,Товары для дома и дачи
наволочка,Товары для дома и дачи
пододеяльник,Товары для дома и дачи
мыло детское,"Красота, гигиена, бытовая химия"
корм для собак,Зоотовары
наполнитель,Зоотовары
корм сухой,Зоотовары
вешалка,Товары для дома и дачи
скребок,Товары для дома и дачи
корм для котят,Зоотовары
крупа гречневая,"Макароны, крупы, специи"
тарталетки,"Хлеб, сладости, снеки"
хлебные палочки,"Хлеб, сладости, снеки"
зажигалка,Товары для дома и дачи
бланки,Другое
книга,Другое
вкладыши,Другое
биойогурт питьевой,Товары для мам и детей
губки для посуды,Товары для дома и дачи
шампунь для волос,"Красота, гигиена, бытовая химия"
кондиционер для волос,"Красота, гигиена, бытовая химия"
мусс для волос,"Красота, гигиена, бытовая химия"
балык,"Птица, мясо, деликатесы"
сдоба,"Хлеб, сладости, снеки"
соус соевый,"Соусы, орехи, консервы"
ацидофилин,"Молоко, сыр, яйца"
маргарин,"Молоко, сыр, яйца"
творог зерненый,"Молоко, сыр, яйца"
творожное зерно,"Молоко, сыр, яйца"
хлебная смесь,"Макароны, крупы, специи"
сухой завтрак,"Макароны, крупы, специи"
снеки,"Птица, мясо, деликатесы"
конфета,"Хлеб, сладости, снеки"
чипсы,Подборки и готовые блюда
чайный напиток,"Чай, кофе, сахар"
жевательный мармелад,"Хлеб, сладости, снеки"
напиток кофейный,"Чай, кофе, сахар"
пирожок,"Хлеб, сладости, снеки"
рагу,Товары для мам и детей
геркулес,"Макароны, крупы, специи"
отбеливатель,Товары для дома и дачи
сменный,Товары для дома и дачи
крем для обуви,Товары для дома и дачи
губка для обуви,Товары для дома и дачи
антиперспирант-аэрозоль,"Красота, гигиена, бытовая химия"
гель-шампунь,"Красота, гигиена, бытовая химия"
крем для ног,"Красота, гигиена, бытовая химия"
бальзам для губ,"Хлеб, сладости, снеки"
полироль,Товары для дома и дачи
порошок чистящий,Товары для дома и дачи
краска для волос,"Красота, гигиена, бытовая химия"
сыворотка,"Красота, гигиена, бытовая химия"
масло для волос,"Красота, гигиена, бытовая химия"
гигиенические прокладки,"Красота, гигиена, бытовая химия"
горбуша,"Соусы, орехи, консервы"
салфетки влажные,Товары для мам и детей
шпинат,"Овощи, фрукты, ягоды"
картофель фри,"Овощи, фрукты, ягоды"
малина,"Овощи, фрукты, ягоды"
багет,Подборки и готовые блюда
блинчики,Подборки и готовые блюда
фрикадельки,Подборки и готовые блюда
азу,Подборки и готовые блюда
миндаль,"Макароны, крупы, специи"
прокладки гигиенические,"Красота, гигиена, бытовая химия"
мыло хозяйственное,"Красота, гигиена, бытовая химия"
сало,"Птица, мясо, деликатесы"
форель,"Рыба, икра"
ананас,"Овощи, фрукты, ягоды"
шницель,Подборки и готовые блюда
огурчики,"Соусы, орехи, консервы"
решетка-гриль,Товары для дома и дачи
уголь древесный,Товары для дома и дачи
опята,"Овощи, фрукты, ягоды"
капуста квашеная,"Соусы, орехи, консервы"
икра лососевая,"Молоко, сыр, яйца"
бычки,"Соусы, орехи, консервы"
коктейль молочный,"Молоко, сыр, яйца"
пюре картофельное,Подборки и готовые блюда
борщ,Подборки и готовые блюда
саше,Товары для дома и дачи
печень,"Соусы, орехи, консервы"
шампунь детский,Товары для мам и детей
спрей для волос,"Красота, гигиена, бытовая химия"
щепа,Товары для дома и дачи
пилка,"Красота, гигиена, бытовая химия"
спички,Товары для дома и дачи
морская капуста,Подборки и готовые блюда
мини-круассаны,"Хлеб, сладости, снеки"
батончик-мюсли,"Макароны, крупы, специи"
напиток чайный,"Чай, кофе, сахар"
соломка,"Хлеб, сладости, снеки"
чистящее,Товары для дома и дачи
насадка для швабры,Товары для дома и дачи
миска,Товары для дома и дачи
ролик,Товары для дома и дачи
стельки,Товары для дома и дачи
мясо,Подборки и готовые блюда
сухой шампунь,"Красота, гигиена, бытовая химия"
изделия макаронные,"Макароны, крупы, специи"
кешью,"Соусы, орехи, консервы"
финики,"Соусы, орехи, консервы"
прокладки ежедневные,"Красота, гигиена, бытовая химия"
средство чистящее,"Красота, гигиена, бытовая химия"
продукт йогуртный,"Молоко, сыр, яйца"
ошейник,Зоотовары
тушь для ресниц,"Красота, гигиена, бытовая химия"
набор игровой,Товары для мам и детей
орех,"Соусы, орехи, консервы"
филе цыпленка,"Птица, мясо, деликатесы"
сырок глазированный,"Молоко, сыр, яйца"
полотенца бумажные,"Красота, гигиена, бытовая химия"
цыпленок,"Птица, мясо, деликатесы"
семечки,"Соусы, орехи, консервы"
винный напиток,Алкоголь
носки,"Красота, гигиена, бытовая химия"
квас,"Воды, соки, напитки"
сухарики ржаные,"Хлеб, сладости, снеки"
крабовые палочки,"Рыба, икра"
лак для ногтей,"Красота, гигиена, бытовая химия"
удобрение,Товары для дома и дачи
гренки,"Хлеб, сладости, снеки"
хлебушек,"Хлеб, сладости, снеки"
поильник,Товары для мам и детей
средство моющее,"Красота, гигиена, бытовая химия"
текила,Алкоголь
масло моторное,"Красота, гигиена, бытовая химия"
крупа рис,"Макароны, крупы, специи"
творог мягкий,"Молоко, сыр, яйца"
игрушка для кошек,Зоотовары
средство для мытья посуды,"Красота, гигиена, бытовая химия"
полотенце махровое,Товары для дома и дачи
изюм,"Соусы, орехи, консервы"
пенка для умывания,"Красота, гигиена, бытовая химия"
тоник для лица,"Красота, гигиена, бытовая химия"
тушь,"Красота, гигиена, бытовая химия"
лаваш,"Хлеб, сладости, снеки"
сельдь филе,"Рыба, икра"
продукт кисломолочный,Товары для мам и детей
печь,Бытовая техника
лента,Товары для дома и дачи
молочный,Товары для мам и детей
корм для,Зоотовары
салат из морской капусты,"Макароны, крупы, специи"
порошок стиральный,"Красота, гигиена, бытовая химия"
молоко сгущенное,"Молоко, сыр, яйца"
кета,"Рыба, икра"
цикорий,"Чай, кофе, сахар"
семга,"Рыба, икра"
гуляш,"Птица, мясо, деликатесы"
соус майонезный,"Соусы, орехи, консервы"
полотенце,Товары для дома и дачи
кусачки,"Красота, гигиена, бытовая химия"
вермут,Алкоголь
мед,"Соусы, орехи, консервы"
масса творожная,"Молоко, сыр, яйца"
ром,Алкоголь
пряник,"Хлеб, сладости, снеки"
консервы для собак,Зоотовары
минтай,"Рыба, икра"
комплект пылесборников,Бытовая техника
соска,Товары для мам и детей
бутылочка,Товары для мам и детей
фундук,"Соусы, орехи, консервы"
молочко для тела,"Красота, гигиена, бытовая химия"
настойка,Алкоголь
игрушка для собак,Зоотовары
карандаш для глаз,"Красота, гигиена, бытовая химия"
джин,Алкоголь
скраб для лица,"Красота, гигиена, бытовая химия"
сырок творожный,"Молоко, сыр, яйца"
резинка для волос,"Красота, гигиена, бытовая химия"
лепешки,"Хлеб, сладости, снеки"
фольга,Другое
антифриз,"Красота, гигиена, бытовая химия"
нагрудник,Товары для мам и детей
голень цыпленка,"Птица, мясо, деликатесы"
жидкость для розжига,Дача и гриль
горшок для цветов,Товары для мам и детей
доска гладильная,"Красота, гигиена, бытовая химия"
плед,Товары для дома и дачи
пластины,Дача и гриль
одеяло,Товары для дома и дачи
помада,"Красота, гигиена, бытовая химия"
штора,"Красота, гигиена, бытовая химия"
покрывало,Товары для дома и дачи
чехол,Товары для дома и дачи
туалетная вода,"Красота, гигиена, бытовая химия"
пустышка,Товары для мам и детей
книжка,Товары для мам и детей
пакеты,Дача и гриль
гольфы,"Красота, гигиена, бытовая химия"
корм для щенков,Зоотовары
биопродукт кисломолочный,"Молоко, сыр, яйца"
сидр,Алкоголь
тефтели,"Соусы, орехи, консервы"
напиток безалкогольный,Алкоголь
лакомство для грызунов,Зоотовары
резинки,Другое
попкорн,"Хлеб, сладости, снеки"
концентрат,Товары для дома и дачи
огурец,"Соусы, орехи, консервы"
пластырь,Дача и гриль
украшение новогоднее,Товары для дома и дачи
расческа,"Красота, гигиена, бытовая химия"
антиперспирант-карандаш,"Красота, гигиена, бытовая химия"
какао-напиток,"Чай, кофе, сахар"
масло сливочное,"Молоко, сыр, яйца"
антиперспирант шариковый,"Красота, гигиена, бытовая химия"
кофе молотый,"Чай, кофе, сахар"
кассеты для бритья,"Красота, гигиена, бытовая химия"
крем-мыло жидкое,"Красота, гигиена, бытовая химия"
сменный баллон для,"Красота, гигиена, бытовая химия"
щетка для волос,Товары для дома и дачи
крем детский,Товары для мам и детей
краска-уход для волос,"Красота, гигиена, бытовая химия"
бальзам-ополаскиватель для волос,"Красота, гигиена, бытовая химия"
сыр творожный,"Молоко, сыр, яйца"
гель-уход для душа,"Красота, гигиена, бытовая химия"
гель для умывания,"Красота, гигиена, бытовая химия"
био,"Молоко, сыр, яйца"
творог детский,"Молоко, сыр, яйца"
чай детский,Товары для мам и детей
сухая смесь,"Макароны, крупы, специи"
масло сладко-сливочное,"Молоко, сыр, яйца"
чай травяной,"Чай, кофе, сахар"
батончик мюсли,"Хлеб, сладости, снеки"
палочки ватные,"Красота, гигиена, бытовая химия"
напиток соевый,"Воды, соки, напитки"
чулки,Товары для дома и дачи
ароматизатор автомобильный,Товары для дома и дачи
трусы женские,Товары для дома и дачи
соска-пустышка,Товары для мам и детей
донат,"Хлеб, сладости, снеки"
подследники,Товары для дома и дачи
обувь домашняя,Товары для дома и дачи
запеканка творожная,"Молоко, сыр, яйца"
заменитель сахара,"Макароны, крупы, специи"
трусы мужские,Товары для дома и дачи
стики табачные,Товары для дома и дачи
сыворотка для лица,"Красота, гигиена, бытовая химия"
поводок для собак,Зоотовары
шлейка для собак,Зоотовары
ошейник для собак,Зоотовары
дождевик для собак,Зоотовары
толстовка для собак,Зоотовары
витамины,Зоотовары
шампунь-кондиционер,Зоотовары
подстилки,Зоотовары
лакомство для птиц,Зоотовары
корм для птиц,Зоотовары
миска для животных,Зоотовары
корм для грызунов,Зоотовары
паста ореховая,"Хлеб, сладости, снеки"
украшение,Товары для дома и дачи
зубная щетка детская,Товары для мам и детей
мыло туалетное,"Красота, гигиена, бытовая химия"
мешки,"Красота, гигиена, бытовая химия"
наматрасник,Товары для мам и детей
тональный крем,"Красота, гигиена, бытовая химия"
виши,"Красота, гигиена, бытовая химия"
капли,Зоотовары
librederm,"Красота, гигиена, бытовая химия"
vichy,"Красота, гигиена, бытовая химия"
корм для рыб,Зоотовары
щетка зубная,Товары для мам и детей
хлебцы хрустящие,"Хлеб, сладости, снеки"
чашка-поильник,Товары для мам и детей
изд :,Товары для мам и детей
мед-суфле,"Соусы, орехи, консервы"
формовая игрушка,Товары для дома и дачи
лакомые,Зоотовары
"изд ""мозаика-синтез""",Товары для мам и детей
полотенце банное,Товары для дома и дачи
цветы георгина,Товары для дома и дачи
развивающая,Товары для мам и детей
оттеночный бальзам,"Красота, гигиена, бытовая химия"
читаем детям,Товары для мам и детей
новогоднее подвесное украшение,Товары для дома и дачи
"изд ""росмэн""",Товары для мам и детей
мягкая игрушка,Товары для мам и детей
аппликация,Товары для мам и детей
игрушка мягкая,Товары для мам и детей
напиток газированный,"Воды, соки, напитки"
изд,Товары для дома и дачи
керамический горшок,Товары для дома и дачи
набор для двоих,Подборки и готовые блюда
календарь 2019,Товары для дома и дачи
набор шаров,Товары для дома и дачи
новогодний,"Хлеб, сладости, снеки"
кашпо-горшок,Товары для дома и дачи
игра настольная,Товары для мам и детей
колготки детские,Товары для мам и детей
коврик-раскраска,Товары для мам и детей
"изд ""клевер""",Товары для мам и детей
cыр,"Молоко, сыр, яйца"
корм влажный,Зоотовары
смесь молочная сухая,Товары для мам и детей
"изд ""мозаика-синтез""",Товары для мам и детей
картина,Товары для мам и детей
халат махровый,Товары для дома и дачи
вазон,Товары для дома и дачи
фигурка,Товары для мам и детей
носки детские,Товары для мам и детей
ломтики,"Соусы, орехи, консервы"
одежда для куклы,Товары для мам и детей
краюшки,"Хлеб, сладости, снеки"
пакет,Другое
плюшка,"Хлеб, сладости, снеки"
каравай,"Хлеб, сладости, снеки"
винегрет,Подборки и готовые блюда
диски ватные,"Красота, гигиена, бытовая химия"
судак,"Рыба, икра"
паприка,"Макароны, крупы, специи"
мандарины,"Овощи, фрукты, ягоды"
пломбир,Замороженные продукты
груши,"Овощи, фрукты, ягоды"
журнал,Другое
сельдерей,"Овощи, фрукты, ягоды"
груша,"Овощи, фрукты, ягоды"
кинза,"Овощи, фрукты, ягоды"
лавровый лист,"Макароны, крупы, специи"
зелень,"Овощи, фрукты, ягоды"
резинка,Другое
лимонная кислота,"Макароны, крупы, специи"
авокадо,"Овощи, фрукты, ягоды"
айва,"Овощи, фрукты, ягоды"
газета,Другое
голубика,"Овощи, фрукты, ягоды"
закусочка,"Хлеб, сладости, снеки"
земля,Товары для дома и дачи
кабачок,"Овощи, фрукты, ягоды"
киндер,"Хлеб, сладости, снеки"
коре,"Птица, мясо, деликатесы"
купон,Другое
куркума,"Макароны, крупы, специи"
лепешка,"Хлеб, сладости, снеки"
лимон,"Овощи, фрукты, ягоды"
мята,"Овощи, фрукты, ягоды"
окорочек,"Птица, мясо, деликатесы"
оладьи,Подборки и готовые блюда
пирожное,"Хлеб, сладости, снеки"
пленка пищевая,Другое
посыпка,Другое
рожок,"Хлеб, сладости, снеки"
свечи,Другое
сигареты,Другое
слива,"Овощи, фрукты, ягоды"
смородина,"Овощи, фрукты, ягоды"
снежок,"Молоко, сыр, яйца"
снек,"Хлеб, сладости, снеки"
сода,"Чай, кофе, сахар"
спаржа,"Овощи, фрукты, ягоды"
стик,Другое
стики,Другое
сушка,"Хлеб, сладости, снеки"
телятина,"Птица, мясо, деликатесы"
томат,"Овощи, фрукты, ягоды"
черешня,"Овощи, фрукты, ягоды"
чиабатта,"Хлеб, сладости, снеки"
апельсины,"Овощи, фрукты, ягоды"
томаты,"Овощи, фрукты, ягоды"
